Distance,Elevation
0.0,61.7052496006131
1.0,61.7256253098122
2.0,61.74595894550994
3.0,61.7662554634372
4.0,61.78651975536258
5.0,61.80675664909247
6.0,61.82697090847098
7.0,61.847167233379984
8.0,61.8673502597391
9.0,61.88752455950568
10.0,61.90769464067484
11.0,61.92786494727945
12.0,61.94803985939012
13.0,61.9682236931152
14.0,61.9884207006008
15.0,62.00863507003078
16.0,62.028870925626734
17.0,62.04913232764803
18.0,62.06942327239176
19.0,62.089747692192766
20.0,62.11010945542366
21.0,62.130512366494784
22.0,62.15096016585423
23.0,62.17145652998784
24.0,62.19200507141922
25.0,62.21260933870969
26.0,62.23327281645835
27.0,62.25399892530204
28.0,62.27479102191534
29.0,62.29565239901059
30.0,62.31658628533788
31.0,62.33759584568502
32.0,62.35868418087761
33.0,62.37985432777897
34.0,62.40110925929018
35.0,62.42245188435006
36.0,62.4438850479352
37.0,62.4654115310599
38.0,62.487034050776245
39.0,62.508755260174055
40.0,62.5305777483809
41.0,62.552504040562084
42.0,62.574536597920684
43.0,62.59667781769752
44.0,62.61893003317113
45.0,62.64129551365785
46.0,62.66377646451173
47.0,62.68637502712457
48.0,62.70909327892594
49.0,62.73193323338313
50.0,62.75489684000121
51.0,62.777985984322974
52.0,62.80120248792897
53.0,62.8245481084375
54.0,62.8480245395046
55.0,62.87163341082409
56.0,62.89537628812749
57.0,62.919254673184106
58.0,62.94327000380098
59.0,62.9674236538229
60.0,62.991716933132395
61.0,63.01615108764977
62.0,63.04072729933304
63.0,63.06544668617801
64.0,63.0903103022182
65.0,63.115319137524885
66.0,63.14047411820711
67.0,63.16577610641164
68.0,63.19122590032301
69.0,63.2168242341635
70.0,63.24257177819311
71.0,63.26846913870964
72.0,63.294516858048596
73.0,63.32071541458324
74.0,63.34706522272461
75.0,63.37356663292145
76.0,63.400219931660295
77.0,63.427025341465395
78.0,63.45398302089877
79.0,63.48109306456017
80.0,63.50835550308711
81.0,63.53577030315484
82.0,63.56333736747638
83.0,63.59105653480247
84.0,63.61892757992162
85.0,63.646950213660084
86.0,63.67512408288185
87.0,63.70344877048868
88.0,63.73192379542006
89.0,63.76054861265324
90.0,63.78932261320321
91.0,63.81824512412272
92.0,63.84731540850225
93.0,63.876532665470044
94.0,63.905896030192096
95.0,63.93540457387214
96.0,63.96505730375165
97.0,63.99485316310987
98.0,64.02479103126377
99.0,64.0548697235681
100.0,64.08508844208698
101.0,64.11831343244035
102.0,64.15162482046705
103.0,64.18501080279609
104.0,64.21845989874181
105.0,64.2519609247731
106.0,64.2855029693394
107.0,64.31907536805491
108.0,64.35266767923959
109.0,64.3862696598185
110.0,64.41987124157774
111.0,64.45346250777871
112.0,64.4870336701293
113.0,64.52057504611295
114.0,64.55407703667494
115.0,64.58753010426645
116.0,64.62092475124601
117.0,64.6542514986383
118.0,64.68750086525083
119.0,64.72066334714776
120.0,64.7537293974814
121.0,64.78668940668128
122.0,64.81953368300051
123.0,64.85225243342003
124.0,64.88483574490982
125.0,64.91734380430847
126.0,64.94978135913497
127.0,64.98214891574492
128.0,65.01444735901217
129.0,65.04667794889068
130.0,65.07884231746354
131.0,65.11094246648118
132.0,65.14298076538702
133.0,65.17495994983155
134.0,65.20688312067463
135.0,65.23875374347563
136.0,65.27057564847215
137.0,65.30235303104651
138.0,65.3340904526806
139.0,65.3657928423989
140.0,65.39746549869942
141.0,65.42911409197312
142.0,65.46074466741126
143.0,65.49236364840097
144.0,65.52425056553602
145.0,65.5564729516405
146.0,65.58898798540395
147.0,65.62175611803916
148.0,65.65474100690079
149.0,65.68790945033064
150.0,65.72123132372988
151.0,65.75467951685805
152.0,65.78822987235891
153.0,65.82186112551307
154.0,65.85555484521758
155.0,65.88929537619217
156.0,65.92306978241247
157.0,65.95686779177004
158.0,65.99068174195907
159.0,66.02450652759022
160.0,66.05833954853095
161.0,66.09218065947296
162.0,66.12596661560815
163.0,66.15968474800748
164.0,66.19333137262339
165.0,66.22690451462766
166.0,66.26040385091926
167.0,66.29383065373113
168.0,66.32718773533676
169.0,66.36047939385537
170.0,66.39371136015673
171.0,66.42689074586491
172.0,66.46002599246155
173.0,66.49312682148812
174.0,66.52601432201938
175.0,66.55871351655018
176.0,66.5912650065581
177.0,66.62370891596127
178.0,66.65608488634565
179.0,66.68843207288634
180.0,66.72078914096282
181.0,66.75319426346849
182.0,66.78568511881407
183.0,66.81829888962527
184.0,66.85107226213448
185.0,66.88404142626636
186.0,66.91724207641785
187.0,66.95070941293189
188.0,66.98447814426554
189.0,67.01858248985195
190.0,67.05305618365657
191.0,67.0879324784272
192.0,67.12324415063854
193.0,67.15902350613031
194.0,67.19530238643982
195.0,67.2321121758285
196.0,67.26948380900241
197.0,67.30744777952704
198.0,67.34603414893601
199.0,67.38527255653389
200.0,67.42519222989317
201.0,67.46582199604516
202.0,67.50719029336518
203.0,67.54932518415161
204.0,67.5922543678993
205.0,67.6360051952665
206.0,67.68060468273669
207.0,67.72607952797375
208.0,67.77245612587161
209.0,67.81974094333059
210.0,67.867826354775
211.0,67.91671716033517
212.0,67.96641681523346
213.0,68.01692742261146
214.0,68.06824972679118
215.0,68.12038310697008
216.0,68.17332557135038
217.0,68.22707375170216
218.0,68.2816228983605
219.0,68.33695997533604
220.0,68.39307487793552
221.0,68.44996011060859
222.0,68.50760669964185
223.0,68.56600419235886
224.0,68.6251406567339
225.0,68.68500268141842
226.0,68.74557537618135
227.0,68.80684237276196
228.0,68.86878582613639
229.0,68.93138641619711
230.0,68.9946233498458
231.0,69.05847436349939
232.0,69.12291572600914
233.0,69.18792224199322
234.0,69.2534672555822
235.0,69.31952265457801
236.0,69.38605887502597
237.0,69.45304490620008
238.0,69.5204482960014
239.0,69.58823515676991
240.0,69.65637017150931
241.0,69.72481660052514
242.0,69.79353628847618
243.0,69.86248967183887
244.0,69.93181744951741
245.0,70.00152061779953
246.0,70.0715842399759
247.0,70.14199351361438
248.0,70.2127338158668
249.0,70.28379074953486
250.0,70.35515018989531
251.0,70.42679833228424
252.0,70.49872174044056
253.0,70.57090739560873
254.0,70.64334274640053
255.0,70.71601575941618
256.0,70.78891497062452
257.0,70.86202953750242
258.0,70.93534929193329
259.0,71.00886479386516
260.0,71.08256738572715
261.0,71.15644924760599
262.0,71.23050345318121
263.0,71.30472402641965
264.0,71.37910599902906
265.0,71.45364546867107
266.0,71.528533113983
267.0,71.60375365661045
268.0,71.67927898297997
269.0,71.75508388064708
270.0,71.83114606013727
271.0,71.90744617795771
272.0,71.98396786078017
273.0,72.06069773079452
274.0,72.1376254322331
275.0,72.21474365906627
276.0,72.2920481838686
277.0,72.3695378878559
278.0,72.44715742623247
279.0,72.52465860455696
280.0,72.60200782688975
281.0,72.67917249286008
282.0,72.75612937091388
283.0,72.83288526526405
284.0,72.90941665551216
285.0,72.98570128049701
286.0,73.06171813093216
287.0,73.13744744276721
288.0,73.21287069127385
289.0,73.28797058585629
290.0,73.36273106558616
291.0,73.43713729546194
292.0,73.51117566339268
293.0,73.58483377790628
294.0,73.65810046658238
295.0,73.73096577520937
296.0,73.80342096766611
297.0,73.87545852652813
298.0,73.94707215439796
299.0,74.01825677596044
300.0,74.08900854076208
301.0,74.15932482671488
302.0,74.22920424432496
303.0,74.29864664164533
304.0,74.3676531099531
305.0,74.4362259901514
306.0,74.50436887989554
307.0,74.57208664144373
308.0,74.63938541023225
309.0,74.70627260417496
310.0,74.77275693368753
311.0,74.83884841243588
312.0,74.90455836880896
313.0,74.96989945811669
314.0,75.03488567551135
315.0,75.09953236963418
316.0,75.16385625698624
317.0,75.22787543702353
318.0,75.29160940797685
319.0,75.3550790833959
320.0,75.41830680941803
321.0,75.48131638276124
322.0,75.54413306944176
323.0,75.60678362421618
324.0,75.66929631074787
325.0,75.73170092249782
326.0,75.79402880434019
327.0,75.85626433038736
328.0,75.9182299670546
329.0,75.97999929016204
330.0,76.0416454220129
331.0,76.103241108899
332.0,76.16485879879878
333.0,76.22657071926827
334.0,76.28844895552517
335.0,76.3505655287252
336.0,76.41299247443192
337.0,76.47580192127886
338.0,76.53906616982482
339.0,76.60285777160212
340.0,76.66724960835703
341.0,76.73231497148406
342.0,76.79812764165213
343.0,76.86476196862411
344.0,76.93229295126926
345.0,77.00048282186067
346.0,77.06925139517205
347.0,77.13861515235656
348.0,77.20858833811688
349.0,77.27918296542502
350.0,77.35040881969618
351.0,77.42227346241698
352.0,77.49478223422783
353.0,77.567938257459
354.0,77.64174243812185
355.0,77.71619346735304
356.0,77.79128782231378
357.0,77.86701976654292
358.0,77.94361581543122
359.0,78.02121364140312
360.0,78.09974396000358
361.0,78.17913849790907
362.0,78.25932990967718
363.0,78.340251694776
364.0,78.42183811489392
365.0,78.5040241115286
366.0,78.58674522385671
367.0,78.66993750688314
368.0,78.75353744987027
369.0,78.8374818950472
370.0,78.92170795659902
371.0,79.00615293993597
372.0,79.09075426124238
373.0,79.17544936730597
374.0,79.2601756556267
375.0,79.34508864214374
376.0,79.43017139382074
377.0,79.51539445266533
378.0,79.60072976205723
379.0,79.6861506301611
380.0,79.77163169402466
381.0,79.85714888436164
382.0,79.94267939102002
383.0,80.02820162913534
384.0,80.113695205969
385.0,80.1991408884318
386.0,80.2845205712925
387.0,80.36981724607145
388.0,80.4547710272397
389.0,80.53916126322672
390.0,80.62304060403797
391.0,80.70645891019907
392.0,80.78946331938596
393.0,80.87209831277791
394.0,80.95440578113303
395.0,81.03642509058676
396.0,81.11819314817296
397.0,81.19974446706755
398.0,81.28111123155496
399.0,81.36232336171733
400.0,81.44340857784613
401.0,81.5243924645772
402.0,81.60529853474742
403.0,81.68614829297495
404.0,81.76696129896177
405.0,81.84775523051911
406.0,81.92854594631527
407.0,82.00934754834655
408.0,82.09017244413056
409.0,82.17103140862234
410.0,82.25193364585311
411.0,82.33288685029206
412.0,82.41389726793015
413.0,82.49496975708736
414.0,82.57610784894209
415.0,82.65731380778355
416.0,82.73858869098672
417.0,82.81993240871005
418.0,82.90134378331594
419.0,82.98282060851366
420.0,83.06436764010257
421.0,83.14598596558842
422.0,83.22767235285664
423.0,83.30942286501812
424.0,83.39123292030919
425.0,83.4730973517357
426.0,83.55501046646022
427.0,83.63696610493281
428.0,83.71895769976533
429.0,83.80097833434918
430.0,83.88302080121638
431.0,83.96507766014444
432.0,84.04714129600441
433.0,84.12920397635257
434.0,84.21125790876563
435.0,84.29329529791912
436.0,84.37530840240973
437.0,84.45728959132073
438.0,84.53923140053104
439.0,84.62112658876767
440.0,84.70296819340196
441.0,84.78474958598876
442.0,84.86646452754957
443.0,84.94810722359885
444.0,85.02967237891411
445.0,85.11115525204916
446.0,85.19255170959092
447.0,85.27385828016004
448.0,85.35507220815433
449.0,85.4361915072365
450.0,85.5172150135645
451.0,85.59814243876619
452.0,85.67897442265681
453.0,85.7597125857002
454.0,85.84035958121379
455.0,85.92091914731628
456.0,86.00139615861988
457.0,86.08179667766488
458.0,86.16212800609865
459.0,86.2423987355976
460.0,86.32261879853272
461.0,86.40279951837853
462.0,86.48295365986594
463.0,86.56309547887791
464.0,86.64324077208906
465.0,86.72340692634863
466.0,86.80361296780696
467.0,86.88365723420985
468.0,86.96351593870985
469.0,87.04317899744647
470.0,87.1226363636524
471.0,87.20187803291368
472.0,87.28089404776159
473.0,87.35967450159646
474.0,87.43820954194317
475.0,87.51648937303823
476.0,87.59450425774926
477.0,87.67224451882535
478.0,87.74970053947999
479.0,87.82686276330543
480.0,87.90372169351872
481.0,87.9803705326498
482.0,88.0570771424107
483.0,88.13377722895326
484.0,88.21040963697213
485.0,88.28691626859661
486.0,88.36324200239837
487.0,88.43933461251454
488.0,88.51514468788659
489.0,88.59062555161493
490.0,88.66573318042956
491.0,88.7404261242758
492.0,88.81466542601622
493.0,88.88841454124817
494.0,88.96163925823687
495.0,89.03430761796436
496.0,89.10638983429419
497.0,89.17785821425181
498.0,89.24868707842028
499.0,89.31885268145244
500.0,89.38833313269812
501.0,89.45710831694751
502.0,89.52515981528987
503.0,89.5924708260882
504.0,89.6590260860696
505.0,89.7248117915313
506.0,89.78981551966227
507.0,89.85402614998083
508.0,89.91743378588778
509.0,89.98002967633516
510.0,90.04180613761095
511.0,90.10275647523937
512.0,90.16287490599672
513.0,90.22215648004338
514.0,90.28059700317097
515.0,90.33819295916565
516.0,90.39494143228693
517.0,90.4508400298622
518.0,90.5058868049971
519.0,90.56008017940138
520.0,90.61341886633066
521.0,90.66590179364393
522.0,90.71752802697647
523.0,90.76829669302884
524.0,90.81820690297145
525.0,90.86725767596468
526.0,90.91544786279479
527.0,90.962776069626
528.0,91.0092963834976
529.0,91.05526599232813
530.0,91.10059608632397
531.0,91.14508588190341
532.0,91.18883292182713
533.0,91.23193339159094
534.0,91.27448217565843
535.0,91.31657291356545
536.0,91.35829805589854
537.0,91.39974892014561
538.0,91.44101574641998
539.0,91.482187753057
540.0,91.5233531920843
541.0,91.56459940456405
542.0,91.60601287580886
543.0,91.6476792904705
544.0,91.68968358750134
545.0,91.73211001498899
546.0,91.77504218486365
547.0,91.81856312747875
548.0,91.86275534606418
549.0,91.90770087105265
550.0,91.95348131427906
551.0,92.00017792305255
552.0,92.04787163410184
553.0,92.09664312739339
554.0,92.14657287982227
555.0,92.19774121877637
556.0,92.25022837557331
557.0,92.30411453877038
558.0,92.35947990734738
559.0,92.41613522687638
560.0,92.47391583216748
561.0,92.53283473408945
562.0,92.59290159394557
563.0,92.65412269091114
564.0,92.7165008885189
565.0,92.78003560019147
566.0,92.84472275382049
567.0,92.9105547553936
568.0,92.977520451668
569.0,93.04560509189152
570.0,93.11479028857076
571.0,93.18505397728627
572.0,93.25620842415032
573.0,93.3278577082113
574.0,93.40004515910523
575.0,93.47280594610419
576.0,93.54616714076771
577.0,93.62014777754615
578.0,93.69475891233517
579.0,93.7700036789818
580.0,93.84587734374222
581.0,93.9223673576906
582.0,93.99945340708003
583.0,94.07710746165428
584.0,94.15529382091174
585.0,94.2339691583202
586.0,94.31308256348379
587.0,94.39257558226066
588.0,94.47238225483305
589.0,94.5527095631878
590.0,94.63379128798074
591.0,94.71561762116146
592.0,94.79817553707639
593.0,94.881448919426
594.0,94.96541868713659
595.0,95.05006291914543
596.0,95.13535697809999
597.0,95.22127363297116
598.0,95.30778318058037
599.0,95.39485356604034
600.0,95.48245050210994
601.0,95.57053758746297
602.0,95.65907642387081
603.0,95.7480267322988
604.0,95.8373464679167
605.0,95.92699193402296
606.0,96.016917894883
607.0,96.10707768748117
608.0,96.19742333218674
609.0,96.28790564233405
610.0,96.3784743327157
611.0,96.46907812699078
612.0,96.55966486400618
613.0,96.65018160303198
614.0,96.74059520373746
615.0,96.83096403997267
616.0,96.92121439126487
617.0,97.01127323508332
618.0,97.10106832007102
619.0,97.19052823846106
620.0,97.27958249767634
621.0,97.3681615911142
622.0,97.45619706811426
623.0,97.54362160311123
624.0,97.63036906397107
625.0,97.71637457951157
626.0,97.80151542516322
627.0,97.88573485508716
628.0,97.96898049976319
629.0,98.05120103429063
630.0,98.13234625387892
631.0,98.21236714839876
632.0,98.29121597599361
633.0,98.36884633575193
634.0,98.44521323944
635.0,98.52027318229506
636.0,98.59398421287949
637.0,98.66640848794407
638.0,98.73752632299752
639.0,98.80728242120692
640.0,98.87562436046419
641.0,98.94250263213267
642.0,99.00787067912479
643.0,99.0716849333104
644.0,99.13390485225557
645.0,99.19449295529243
646.0,99.25341485891992
647.0,99.3106393115346
648.0,99.36613822749314
649.0,99.41988672050466
650.0,99.47186313635453
651.0,99.52204908495838
652.0,99.57042947174745
653.0,99.61699252838392
654.0,99.66172984280767
655.0,99.70463638861348
656.0,99.74571055375893
657.0,99.78495416860333
658.0,99.82237253327702
659.0,99.8579744443817
660.0,99.89177222102124
661.0,99.92378173016392
662.0,99.95402241133422
663.0,99.98251730063656
664.0,100.00929305410907
665.0,100.03437997040835
666.0,100.05781201282493
667.0,100.07962683062952
668.0,100.09986577975008
669.0,100.1185739427792
670.0,100.13580014831304
671.0,100.15159698962015
672.0,100.16602084264159
673.0,100.17913188332169
674.0,100.19099410426941
675.0,100.2016753307507
676.0,100.21124723601118
677.0,100.21978535593016
678.0,100.22736910300486
679.0,100.23374517744533
680.0,100.23883375662948
681.0,100.24280125872305
682.0,100.24569576344854
683.0,100.24733153126984
684.0,100.24781117644787
685.0,100.24723394254525
686.0,100.24569573446513
687.0,100.24328914794253
688.0,100.24010349648556
689.0,100.23622483576895
690.0,100.23173598547777
691.0,100.2267165486029
692.0,100.2212429281874
693.0,100.21538834152435
694.0,100.20922283180526
695.0,100.20281327722032
696.0,100.19622339750946
697.0,100.18951375796433
698.0,100.18274177088205
699.0,100.17596169446965
700.0,100.16922462919976
701.0,100.16257851161767
702.0,100.15606810559923
703.0,100.14973499106001
704.0,100.14361755011599
705.0,100.13775095069474
706.0,100.13216712759836
707.0,100.12689476101724
708.0,100.12195925249515
709.0,100.11738269834524
710.0,100.1131838605177
711.0,100.10937813491795
712.0,100.10597751717643
713.0,100.10299056586942
714.0,100.10042236319117
715.0,100.09827447307663
716.0,100.09654489677627
717.0,100.09522802588101
718.0,100.09431459279946
719.0,100.09379161868509
720.0,100.09364235881559
721.0,100.0936227714214
722.0,100.09357389043844
723.0,100.09352065265867
724.0,100.0934809579664
725.0,100.09346567780516
726.0,100.0934786603206
727.0,100.09351673218075
728.0,100.09356969707258
729.0,100.09362033087588
730.0,100.09364437351364
731.0,100.09375861298733
732.0,100.09424474636504
733.0,100.09511988388786
734.0,100.09639736455748
735.0,100.09808681099966
736.0,100.10019418178013
737.0,100.10272182117073
738.0,100.10566850636714
739.0,100.10902949215763
740.0,100.11279655304311
741.0,100.11695802280825
742.0,100.12149883154359
743.0,100.12640054011918
744.0,100.13164137210919
745.0,100.13719624316768
746.0,100.1430367878553
747.0,100.14913138391783
748.0,100.15544517401509
749.0,100.16194008490149
750.0,100.16857484405766
751.0,100.1753049937733
752.0,100.18208290268073
753.0,100.18885777474057
754.0,100.19557565567735
755.0,100.20217943686748
756.0,100.20860885667742
757.0,100.2148004992536
758.0,100.22068779076344
759.0,100.22620099308715
760.0,100.23126719496112
761.0,100.23581030057235
762.0,100.2397510156039
763.0,100.24300683073173
764.0,100.24549200257245
765.0,100.24711753208248
766.0,100.24779114040825
767.0,100.24741724218758
768.0,100.24589691630202
769.0,100.24312787408097
770.0,100.2392583697899
771.0,100.23428381804683
772.0,100.22803783911633
773.0,100.22053975420363
774.0,100.2120951671766
775.0,100.20262429254872
776.0,100.19205122276117
777.0,100.18030391426208
778.0,100.1673141729165
779.0,100.15301763874724
780.0,100.13735377000637
781.0,100.12026582657747
782.0,100.10170085270873
783.0,100.08160965907682
784.0,100.05994680418124
785.0,100.03667057506979
786.0,100.01174296739458
787.0,99.98512966479883
788.0,99.9568000176345
789.0,99.92672702101054
790.0,99.89488729217203
791.0,99.86126104720996
792.0,99.82583207710194
793.0,99.78858772308342
794.0,99.74951885134982
795.0,99.70861982708936
796.0,99.6658884878469
797.0,99.62132611621792
798.0,99.57493741187393
799.0,99.5267304629183
800.0,99.4767167165727
801.0,99.42491094919481
802.0,99.37133123562624
803.0,99.31599891787141
804.0,99.25893857310732
805.0,99.2001779810239
806.0,99.13974809049517
807.0,99.07768298558118
808.0,99.01401985086056
809.0,98.94879893609419
810.0,98.88206352021918
811.0,98.81385987467377
812.0,98.74423722605324
813.0,98.6732477180962
814.0,98.60094637300172
815.0,98.52736751523709
816.0,98.45243585643352
817.0,98.3761931949464
818.0,98.29868288908732
819.0,98.21994978736015
820.0,98.14004015775747
821.0,98.05900161611724
822.0,97.97688305354082
823.0,97.89373456287046
824.0,97.8096073642288
825.0,97.7245537296172
826.0,97.63862690657629
827.0,97.55194906916273
828.0,97.46458792855732
829.0,97.37660949841424
830.0,97.28808099231345
831.0,97.19907075550209
832.0,97.10964819582033
833.0,97.0198837138109
834.0,96.92984863201299
835.0,96.83961512344023
836.0,96.74925613924253
837.0,96.65884533555234
838.0,96.56833919252719
839.0,96.47775793630221
840.0,96.38715457493507
841.0,96.29658134690548
842.0,96.20608961598349
843.0,96.11572976501199
844.0,96.025551088603
845.0,95.93560168474774
846.0,95.84592834534078
847.0,95.75657644561805
848.0,95.66758983250864
849.0,95.57901071190068
850.0,95.4908795348209
851.0,95.40323488252842
852.0,95.31611335052204
853.0,95.22954943146162
854.0,95.14357539700364
855.0,95.05822117855007
856.0,94.97351424691158
857.0,94.88947949088474
858.0,94.80613909474255
859.0,94.7235124146394
860.0,94.64161585392998
861.0,94.56046273740148
862.0,94.48006318442039
863.0,94.40023047580554
864.0,94.32070461732536
865.0,94.24155228581698
866.0,94.16283265588193
867.0,94.08459736201392
868.0,94.0068904586779
869.0,93.9297483783406
870.0,93.85319988745265
871.0,93.77726604038216
872.0,93.70196013129996
873.0,93.62728764401605
874.0,93.55324619976776
875.0,93.47982550295932
876.0,93.40700728485321
877.0,93.33476524521235
878.0,93.26306499189481
879.0,93.19186397839881
880.0,93.12149836160522
881.0,93.0522089112548
882.0,92.9840180470327
883.0,92.91694450774418
884.0,92.85100339159153
885.0,92.78620619549798
886.0,92.7225608534792
887.0,92.6600717740615
888.0,92.59873987674754
889.0,92.53856262752895
890.0,92.47953407344633
891.0,92.42164487619608
892.0,92.36488234478485
893.0,92.3093713282817
894.0,92.25534720239118
895.0,92.2027297629929
896.0,92.15143882148361
897.0,92.1013941516068
898.0,92.05251543615577
899.0,92.00472221354889
900.0,91.95793382427854
901.0,91.91206935723241
902.0,91.86704759588815
903.0,91.82278696438091
904.0,91.77920547344341
905.0,91.7362206662197
906.0,91.69374956395106
907.0,91.65170861153565
908.0,91.61001362296031
909.0,91.56857972660599
910.0,91.52732131042572
911.0,91.48615196699569
912.0,91.44498443843915
913.0,91.40373056122347
914.0,91.36230121082987
915.0,91.3206062462965
916.0,91.27855445463396
917.0,91.23605349511408
918.0,91.19300984343172
919.0,91.14932873573933
920.0,91.10491411255443
921.0,91.05966856254038
922.0,91.01375014819139
923.0,90.96728479516678
924.0,90.92004100301799
925.0,90.87193500350583
926.0,90.8229682208237
927.0,90.77314182722637
928.0,90.72245681926688
929.0,90.67091409415022
930.0,90.61851452620182
931.0,90.56525904345214
932.0,90.51114870433713
933.0,90.45618477451401
934.0,90.40036880379304
935.0,90.34370270318506
936.0,90.28618882206439
937.0,90.22783002544777
938.0,90.16862977138894
939.0,90.10859218848881
940.0,90.04772215352149
941.0,89.986025369176
942.0,89.92350844191357
943.0,89.86017895994078
944.0,89.79604557129848
945.0,89.73111806206613
946.0,89.66540743468227
947.0,89.59892598638031
948.0,89.53168738774012
949.0,89.46370676135575
950.0,89.39500076061819
951.0,89.32558764861429
952.0,89.25548737714129
953.0,89.18472166583709
954.0,89.113314081426
955.0,89.04129011708073
956.0,88.96867727189944
957.0,88.89550513049888
958.0,88.82180544272343
959.0,88.74761220346926
960.0,88.67296173262473
961.0,88.59789275512631
962.0,88.52244648113015
963.0,88.44666668629954
964.0,88.37059979220783
965.0,88.29429494685746
966.0,88.21780410531407
967.0,88.141182110457
968.0,88.0644867738451
969.0,87.98777895669849
970.0,87.91112265099552
971.0,87.83429315261428
972.0,87.75715944038289
973.0,87.67973100651257
974.0,87.60201740271555
975.0,87.52402824102319
976.0,87.44577319393592
977.0,87.36726199390485
978.0,87.28850443214527
979.0,87.20951035678202
980.0,87.13028967032619
981.0,87.05085232648435
982.0,86.97120832629875
983.0,86.89136771361987
984.0,86.81134056991068
985.0,86.73113700838225
986.0,86.65096788529928
987.0,86.57082138115406
988.0,86.49067995404104
989.0,86.41052765696166
990.0,86.33035008846585
991.0,86.2501343430377
992.0,86.16986896122373
993.0,86.08954387950541
994.0,86.0091503799146
995.0,85.92868103939281
996.0,85.84812967889384
997.0,85.76749131222985
998.0,85.68676209466072
999.0,85.60593927122751
1000.0,85.52502112482858
1001.0,85.44400692403984
1002.0,85.36289687067813
1003.0,85.2816920471081
1004.0,85.20039436329282
1005.0,85.1190065035875
1006.0,85.03753187327696
1007.0,84.9559745448565
1008.0,84.87433920405613
1009.0,84.79263109560844
1010.0,84.71085596875992
1011.0,84.62902002252561
1012.0,84.54712985068755
1013.0,84.46519238653616
1014.0,84.38321484735565
1015.0,84.30120467865267
1016.0,84.21916949812841
1017.0,84.13711703939416
1018.0,84.05505509543056
1019.0,83.97299146178996
1020.0,83.89093387954263
1021.0,83.80888997796612
1022.0,83.72686721697843
1023.0,83.64487282931435
1024.0,83.56291376244549
1025.0,83.4809966202436
1026.0,83.39912760438759
1027.0,83.31731245551377
1028.0,83.23555639410988
1029.0,83.15386406115215
1030.0,83.07223945848641
1031.0,82.99068588895219
1032.0,82.90920335671422
1033.0,82.82778602951873
1034.0,82.74643620984746
1035.0,82.66515517719665
1036.0,82.58394312896063
1037.0,82.50279912103792
1038.0,82.42172100816038
1039.0,82.34070538394464
1040.0,82.25974752066658
1041.0,82.1788413087583
1042.0,82.09797919602785
1043.0,82.01715212660157
1044.0,81.93634947958935
1045.0,81.85555900747237
1046.0,81.77476677421349
1047.0,81.69395709309063
1048.0,81.61311246425251
1049.0,81.53221351199733
1050.0,81.45123892177402
1051.0,81.37016537690619
1052.0,81.28896749503878
1053.0,81.20761776430754
1054.0,81.12608647923103
1055.0,81.04434167632527
1056.0,80.96234906944137
1057.0,80.88007198482552
1058.0,80.79747129590193
1059.0,80.71450535777828
1060.0,80.63112994147403
1061.0,80.54729816787136
1062.0,80.46296044138867
1063.0,80.37806438337701
1064.0,80.29277719829794
1065.0,80.20740540795518
1066.0,80.12196591533235
1067.0,80.03647671716969
1068.0,79.9509569350039
1069.0,79.86542684689388
1070.0,79.77990791983072
1071.0,79.69442284283346
1072.0,79.6089955607296
1073.0,79.52365130862066
1074.0,79.43841664703302
1075.0,79.3533194977538
1076.0,79.2683891803519
1077.0,79.18365644938373
1078.0,79.0989555608863
1079.0,79.01434239346962
1080.0,78.92987950041544
1081.0,78.84562945783334
1082.0,78.76165494480504
1083.0,78.67801882380853
1084.0,78.59478422142223
1085.0,78.512014609309
1086.0,78.42977388548037
1087.0,78.34812645584026
1088.0,78.26713731600901
1089.0,78.18687213342749
1090.0,78.10739732974068
1091.0,78.02878016346155
1092.0,77.95108881291492
1093.0,77.87439245946106
1094.0,77.79859945206134
1095.0,77.7234433563846
1096.0,77.64893012188415
1097.0,77.57506348437248
1098.0,77.50184496572133
1099.0,77.42927387301631
1100.0,77.35734729716499
1101.0,77.28606011095975
1102.0,77.21540496659443
1103.0,77.14537229263536
1104.0,77.07595029044641
1105.0,77.00712493006839
1106.0,76.93887994555226
1107.0,76.87125957858665
1108.0,76.80454308599808
1109.0,76.73865540079363
1110.0,76.67352211284073
1111.0,76.60906938883618
1112.0,76.54522389246841
1113.0,76.48191270477191
1114.0,76.41906324467512
1115.0,76.35660318974047
1116.0,76.29446039709822
1117.0,76.23256282457216
1118.0,76.17083845199888
1119.0,76.10921520273936
1120.0,76.0476208653839
1121.0,75.9859830156495
1122.0,75.9242289384701
1123.0,75.86228555028012
1124.0,75.80007932149012
1125.0,75.73775811781829
1126.0,75.67536326574496
1127.0,75.61286326932554
1128.0,75.55022818615925
1129.0,75.48742960570338
1130.0,75.42444062831176
1131.0,75.36123584499776
1132.0,75.29779131792174
1133.0,75.23408456160296
1134.0,75.17009452485605
1135.0,75.10580157345174
1136.0,75.04118747350208
1137.0,74.97623537557033
1138.0,74.91092979950496
1139.0,74.84525661999851
1140.0,74.77920305287049
1141.0,74.71275764207499
1142.0,74.64591024743287
1143.0,74.57865203308782
1144.0,74.51097545668763
1145.0,74.44287425928944
1146.0,74.3743434559896
1147.0,74.30537932727782
1148.0,74.23597941111605
1149.0,74.16614249574155
1150.0,74.09586861319471
1151.0,74.02515903357093
1152.0,73.95401625999726
1153.0,73.88244402433351
1154.0,73.81044728359754
1155.0,73.7380322171153
1156.0,73.66520622439509
1157.0,73.59197792372652
1158.0,73.51835715150366
1159.0,73.44435496227287
1160.0,73.36998362950493
1161.0,73.29525664709166
1162.0,73.22018873156715
1163.0,73.14479582505317
1164.0,73.0690950989292
1165.0,72.99310495822692
1166.0,72.91684504674919
1167.0,72.84033625291326
1168.0,72.76360071631878
1169.0,72.68666183503996
1170.0,72.60951647472244
1171.0,72.53218341187547
1172.0,72.45469515195306
1173.0,72.3770851941778
1174.0,72.29957592922307
1175.0,72.22225194197887
1176.0,72.14511404607434
1177.0,72.06816616676319
1178.0,71.99141531077287
1179.0,71.91487153732403
1180.0,71.8385479303213
1181.0,71.7624605717148
1182.0,71.68662851603237
1183.0,71.61107376608298
1184.0,71.53582124983066
1185.0,71.46089879843967
1186.0,71.38633712549033
1187.0,71.31193908340849
1188.0,71.23770205853688
1189.0,71.16363091726976
1190.0,71.08973153937568
1191.0,71.01601076047001
1192.0,70.94247631524654
1193.0,70.86913678146854
1194.0,70.79600152471845
1195.0,70.72308064390737
1196.0,70.65038491754324
1197.0,70.57792575075854
1198.0,70.50571512309698
1199.0,70.43376553705943
1200.0,70.36208996740899
1201.0,70.29070181123531
1202.0,70.21961483877804
1203.0,70.14884314500948
1204.0,70.07840110197641
1205.0,70.00830331190099
1206.0,69.93856456104108
1207.0,69.86919977430959
1208.0,69.8002239706529
1209.0,69.7314791328448
1210.0,69.6630038408889
1211.0,69.59483638586562
1212.0,69.5270136439247
1213.0,69.45957106919407
1214.0,69.3925426871011
1215.0,69.32596108810792
1216.0,69.25985742185911
1217.0,69.19426139174335
1218.0,69.12920124986769
1219.0,69.06470379244536
1220.0,69.00079435559675
1221.0,68.9374968115635
1222.0,68.87483356533586
1223.0,68.8128255516932
1224.0,68.75149223265797
1225.0,68.6908515953624
1226.0,68.63092015032896
1227.0,68.57171293016359
1228.0,68.51324348866231
1229.0,68.45552390033126
1230.0,68.39856476031936
1231.0,68.34237518476493
1232.0,68.28696281155486
1233.0,68.23233672067913
1234.0,68.17851109700705
1235.0,68.12549082343746
1236.0,68.07327940097875
1237.0,68.02187895370987
1238.0,67.97129023417473
1239.0,67.92151262921075
1240.0,67.87254416621164
1241.0,67.82438151982373
1242.0,67.77702001907674
1243.0,67.7305546296842
1244.0,67.68499360897599
1245.0,67.64031058805374
1246.0,67.59647889687442
1247.0,67.5534715481328
1248.0,67.51126122183867
1249.0,67.46982025058765
1250.0,67.42912060552612
1251.0,67.38913388301043
1252.0,67.34983129196009
1253.0,67.31118364190493
1254.0,67.27316133172651
1255.0,67.23573433909348
1256.0,67.19887221059105
1257.0,67.16254405254456
1258.0,67.12671852253713
1259.0,67.09136382162139
1260.0,67.0564476872252
1261.0,67.02193738675152
1262.0,66.9877997118724
1263.0,66.95400097351697
1264.0,66.92050699755352
1265.0,66.8872831211657
1266.0,66.85429418992271
1267.0,66.8215045555436
1268.0,66.78887807435582
1269.0,66.75637810644754
1270.0,66.72396751551422
1271.0,66.69160866939929
1272.0,66.65926344132883
1273.0,66.62689321184033
1274.0,66.59445887140559
1275.0,66.56192082374751
1276.0,66.52923898985136
1277.0,66.49637281266963
1278.0,66.46328126252126
1279.0,66.4301504101268
1280.0,66.39697626589827
1281.0,66.36375025930295
1282.0,66.3304651447896
1283.0,66.29711505257848
1284.0,66.26369554055015
1285.0,66.23020364723385
1286.0,66.19663794589499
1287.0,66.16299859972165
1288.0,66.12928741811065
1289.0,66.09550791405258
1290.0,66.06166629398943
1291.0,66.02783279432408
1292.0,65.99400732229486
1293.0,65.96019223513812
1294.0,65.92639239040147
1295.0,65.8926151974837
1296.0,65.85887067040154
1297.0,65.82517148178337
1298.0,65.79153301808962
1299.0,65.75797343606028
1300.0,65.72451372038863
1301.0,65.69117774262257
1302.0,65.65799232129226
1303.0,65.62498728326464
1304.0,65.59219552632501
1305.0,65.55965308298528
1306.0,65.52739918551897
1307.0,65.49547633222322
1308.0,65.46385822549045
1309.0,65.43222913833827
1310.0,65.40058261081077
1311.0,65.36891256153574
1312.0,65.33721328428133
1313.0,65.30547944500113
1314.0,65.273706079367
1315.0,65.24188859079024
1316.0,65.21002274893107
1317.0,65.17810468869595
1318.0,65.14613090972327
1319.0,65.11409827635704
1320.0,65.08200401810888
1321.0,65.04984573060808
1322.0,65.01762137703984
1323.0,64.98532929007146
1324.0,64.95296817426713
1325.0,64.92053710899035
1326.0,64.8880355517949
1327.0,64.85546334230368
1328.0,64.8227567974592
1329.0,64.78992375406833
1330.0,64.75697401714886
1331.0,64.72391728862672
1332.0,64.69076318639698
1333.0,64.65752126374247
1334.0,64.62420102910961
1335.0,64.5908119662423
1336.0,64.5573635546728
1337.0,64.52386529057027
1338.0,64.49032670794695
1339.0,64.45675740022166
1340.0,64.42316704214095
1341.0,64.38956541205776
1342.0,64.35596241456729
1343.0,64.32236810350086
1344.0,64.28879270527692
1345.0,64.25524664260963
1346.0,64.2217405585751
1347.0,64.18828534103491
1348.0,64.15489214741733
1349.0,64.12157242985587
1350.0,64.08833796068558
1351.0,64.05810981267382
1352.0,64.02802078329576
1353.0,63.99807167230828
1354.0,63.96826366758653
1355.0,63.9385978944294
1356.0,63.909075415559556
1357.0,63.8796972311234
1358.0,63.850464278691085
1359.0,63.82137743325652
1360.0,63.792437507237366
1361.0,63.76364525047502
1362.0,63.735001350234654
1363.0,63.70650643120516
1364.0,63.678161055499224
1365.0,63.64996572265324
1366.0,63.621920869627374
1367.0,63.59402687080554
1368.0,63.5662840379954
1369.0,63.53869262042838
1370.0,63.511252804759636
1371.0,63.48396471506809
1372.0,63.45682841285641
1373.0,63.429843897051015
1374.0,63.40301110400207
1375.0,63.3763299074835
1376.0,63.34980011869298
1377.0,63.32342148625193
1378.0,63.297193696205525
1379.0,63.27111637202269
1380.0,63.2451890745961
1381.0,63.21941130224218
1382.0,63.1937824907011
1383.0,63.16830201313681
1384.0,63.14296918013697
1385.0,63.11778323971302
1386.0,63.09274337730013
1387.0,63.06784871575725
1388.0,63.04309831536705
1389.0,63.01849117383597
1390.0,62.99402622629418
1391.0,62.96970234529564
1392.0,62.94551834081802
1393.0,62.92147296026276
1394.0,62.89756488845506
1395.0,62.87379274764384
1396.0,62.850155097501805
1397.0,62.826650435125394
1398.0,62.803277195034795
1399.0,62.78003374917395
1400.0,62.756918406910565
1401.0,62.73392941503607
1402.0,62.71106495776567
1403.0,62.68832315673831
1404.0,62.665702071016696
1405.0,62.643199697087255
1406.0,62.620813968860205
1407.0,62.59854275766949
1408.0,62.57638387227282
1409.0,62.554335058851635
1410.0,62.53239400101114
1411.0,62.510558319780294
1412.0,62.488825573611805
1413.0,62.467193258382125
1414.0,62.44565880739146
1415.0,62.42421959136377
1416.0,62.40287291844676
1417.0,62.3816160342119
1418.0,62.36044612165439
1419.0,62.339360301193196
1420.0,62.31835563067103
1421.0,62.297429105354354
1422.0,62.27657765793338
1423.0,62.25579815852208
1424.0,62.235087414658175
1425.0,62.21444217130312
1426.0,62.19385911084213
1427.0,62.17333485308419
1428.0,62.152865955262016
1429.0,62.13244891203207
1430.0,62.11208015547457
1431.0,62.091756055093505
1432.0,62.07147291781659
1433.0,62.05122698799531
1434.0,62.031014447404864
1435.0,62.010831415244255
1436.0,61.9906739481362
1437.0,61.970538040127174
1438.0,61.95041962268741
1439.0,61.9303145647109
1440.0,61.91021867251535
1441.0,61.89012768984226
1442.0,61.870037297856854
1443.0,61.84994311514812
1444.0,61.8298406977288
1445.0,61.80972553903537
1446.0,61.78959306992807
1447.0,61.76943865869088
1448.0,61.749257611031545
1449.0,61.729045170081555
1450.0,61.70879651639615
